{
  "images" : [
    {
      "idiom" : "universal",
      "filename" : "런치스크린이미지-1.png",
      "scale" : "1x"
    },
    {
      "idiom" : "universal",
      "filename" : "런치스크린이미지.png",
      "scale" : "2x"
    },
    {
      "idiom" : "universal",
      "filename" : "런치스크린이미지-2.png",
      "scale" : "3x"
    }
  ],
  "info" : {
    "version" : 1,
    "author" : "xcode"
  }
}